id,date,channel,rating,user_type,text
1,2026-01-05,应用商店,2,个人版,"知识库上传 PDF 后解析特别慢，十分钟还没完成"
2,2026-01-08,客服工单,1,企业版,"团队成员权限设置太复杂，新同事一直无法访问项目"
3,2026-01-11,用户访谈,4,企业版,"回答能给出引用来源，这一点很好，方便我们核对"
4,2026-01-17,应用商店,2,个人版,"移动端经常闪退，编辑过的提示词还会丢失"
5,2026-01-23,社群,3,个人版,"希望增加对话批量导出和按日期筛选"
6,2026-02-03,客服工单,1,企业版,"模型把合同日期回答错了，出现明显幻觉，风险很大"
7,2026-02-06,应用商店,5,个人版,"界面清晰，上手很快，创建知识库的流程很顺畅"
8,2026-02-12,用户访谈,2,企业版,"Excel 导出字段不全，还需要人工补很多数据"
9,2026-02-19,社群,2,个人版,"高峰期回答延迟很明显，有时要等二十多秒"
10,2026-02-25,客服工单,3,企业版,"希望不同部门能设置各自的知识库访问权限"
11,2026-03-02,应用商店,4,个人版,"检索速度比之前快了，回答也更稳定"
12,2026-03-07,用户访谈,1,企业版,"上传 Word 表格后格式全部乱掉，文档解析不可用"
13,2026-03-10,社群,2,个人版,"入口藏得太深，第一次使用完全找不到导出按钮"
14,2026-03-18,客服工单,2,企业版,"套餐额度说明不清楚，突然提示用完了很影响工作"
15,2026-03-24,应用商店,4,个人版,"客服回复及时，问题当天就解决了"
16,2026-04-01,用户访谈,2,企业版,"批量同步文档经常失败，也没有失败原因提示"
17,2026-04-04,社群,1,个人版,"回答看起来很专业但引用内容对不上，准确性不够"
18,2026-04-09,客服工单,3,企业版,"希望报表可以看到每个团队的使用次数和满意度"
19,2026-04-16,应用商店,2,个人版,"登录验证码经常收不到，换设备后还要重新配置"
20,2026-04-21,用户访谈,5,企业版,"企业权限分组很实用，管理员维护成员省了很多时间"
21,2026-05-03,社群,2,个人版,"长对话越到后面越慢，偶尔直接卡住不生成"
22,2026-05-08,客服工单,1,企业版,"删除成员后对方仍然能看到历史文件，存在安全风险"
23,2026-05-12,应用商店,3,个人版,"移动端缺少知识库管理，只能回电脑操作"
24,2026-05-17,用户访谈,4,企业版,"文档更新后能自动同步，节省了重复上传时间"
25,2026-05-23,社群,2,个人版,"导出的 CSV 中文乱码，Excel 打开之后没法看"
26,2026-06-02,客服工单,2,企业版,"相同问题每次答案差异很大，稳定性需要提升"
27,2026-06-06,应用商店,5,个人版,"语音输入识别准确，移动端使用很方便"
28,2026-06-11,用户访谈,1,企业版,"知识库超过五百个文件后检索非常慢"
29,2026-06-16,社群,3,个人版,"希望能按照主题自动整理历史对话"
30,2026-06-20,客服工单,2,企业版,"发票申请流程太复杂，提交后也看不到处理进度"
31,2026-07-01,应用商店,4,个人版,"新版的筛选和搜索很好用，找历史记录快多了"
32,2026-07-07,用户访谈,1,企业版,"敏感信息没有自动脱敏，不敢让业务团队直接使用"
33,2026-07-12,社群,2,个人版,"回答失败后只显示错误码，不知道应该怎么处理"
34,2026-07-18,客服工单,3,企业版,"需要按部门导出月度报表，方便做成本核算"
35,2026-07-24,应用商店,2,个人版,"订阅价格涨了，但模型调用额度没有明显增加"
36,2026-08-03,用户访谈,4,企业版,"最近响应时间改善明显，复杂问题也能稳定完成"
37,2026-08-08,社群,1,个人版,"引用链接点开是空页面，回答无法验证"
38,2026-08-13,客服工单,2,企业版,"批量上传时没有进度显示，失败后还要全部重来"
39,2026-08-19,应用商店,3,个人版,"希望提供深色模式和更清晰的新手引导"
40,2026-08-25,用户访谈,5,企业版,"数据看板很实用，能快速发现团队高频问题"
